contest_id,host_code,contest_name,models,participants,views,start_date,end_date,awards,prize_usd,hardware_awards,winners,winner_likes,winner_downloads,first_prize_title,first_prize_creator,first_prize_likes,avg_likes_listed,host_type,status,duration_days,models_per_day,models_per_participant,views_per_model,year,start_month,brand_sponsored,category,pct_participants,pct_models_per_day,pct_views,score,tier,mega_holiday
1,O,Halloween,915,453,162327,2023-10-06,2023-10-31,18,1500,0,18,24487,45365,Haunted Hearse - Print-in-Place Fold,Whopper Printing,1746.0,162,Official,Finished,26,35.19230769230769,2.019867549668874,177.40655737704918,2023,10,False,Seasonal & Holidays,44.0,76.0,15.333333333333332,45.0,B,True
2,O,Fidget Toys,398,286,396362,2023-11-05,2023-11-26,18,1800,0,18,96739,482181,Double Action OTF Knife/Comb,Asdfgasdfg,5306.0,482,Official,Finished,22,18.09090909090909,1.3916083916083917,995.8844221105528,2023,11,False,Toys & Games,18.666666666666668,40.666666666666664,86.0,45.5,B,False
3,O,Christmas Decoration,1582,681,238277,2023-11-12,2023-12-03,23,1400,0,23,45175,103783,Arctic Glow Christmas Lantern LED la,Kardes.Design,5946.0,118,Official,Finished,22,71.9090909090909,2.3230543318649044,150.61757269279394,2023,11,False,Seasonal & Holidays,74.66666666666667,94.0,37.333333333333336,69.3,A,True
4,O,Make My Sign,889,469,141111,2023-11-20,2023-12-10,13,1000,0,13,7547,19665,Customizable Prize Wheel,Kit Crafters,1240.0,32,Official,Finished,21,42.333333333333336,1.8955223880597014,158.73003374578178,2023,11,False,Home & Functional,46.666666666666664,80.0,6.0,44.5,B,False
5,O,Flying Objects,252,212,206655,2023-11-26,2023-12-17,13,1000,0,13,50262,154475,Batwing,Wcad00,1588.0,533,Official,Finished,22,11.454545454545455,1.1886792452830188,820.0595238095239,2023,11,False,Toys & Games,10.666666666666668,24.0,28.666666666666668,20.1,C,False
6,O,Party Ware,592,332,113934,2023-12-03,2023-12-24,21,1620,0,21,13019,24095,The Annoying Scissor - Party Favor T,SPStudio,702.0,33,Official,Finished,22,26.90909090909091,1.783132530120482,192.4560810810811,2023,12,False,Home & Functional,28.000000000000004,62.66666666666667,4.666666666666667,31.4,C,False
7,O,Print Kitchen,1068,566,284997,2023-12-10,2024-01-01,15,1080,0,15,49447,128181,Toothpick Dispenser - all parts prin,FlorinV,10253.0,131,Official,Finished,23,46.43478260869565,1.8869257950530036,266.8511235955056,2023,12,False,Home & Functional,66.0,82.66666666666667,53.333333333333336,67.2,A,False
8,O,Trophy Design,471,404,141803,2023-12-17,2024-01-07,15,1080,0,14,10527,22197,Monument Valley Lamp Trophy with Bam,Sven97,917.0,72,Official,Finished,22,21.40909090909091,1.1658415841584158,301.067940552017,2023,12,False,Toys & Games,37.666666666666664,50.66666666666667,6.666666666666667,32.3,C,False
9,O,2024 Calendar,206,209,189592,2023-12-24,2024-01-14,15,1080,0,15,18991,27625,Date Keeper Perpetual Flip Calendar,make 3D,9074.0,142,Official,Finished,22,9.363636363636363,0.9856459330143541,920.3495145631068,2023,12,False,Seasonal & Holidays,10.0,17.333333333333336,24.666666666666668,16.6,C,False
10,O,Year of the Dragon,735,534,197765,2024-01-04,2024-01-31,18,2190,0,18,14383,32652,Dragon Dance in Cloud River,GARYwow,129.0,101,Official,Finished,28,26.25,1.3764044943820224,269.06802721088434,2024,1,False,Seasonal & Holidays,58.666666666666664,61.33333333333333,26.666666666666668,49.9,B,False
11,O,Office Helper,1362,838,307780,2024-01-14,2024-02-02,12,960,0,10,45270,64705,Office lawn cable organizer,TheMiguelBi,3034.0,326,Official,Finished,20,68.1,1.6252983293556087,225.97650513950074,2024,1,False,Home & Functional,84.0,93.33333333333333,63.33333333333333,80.6,A,False
12,O,Valentine's Day,1443,937,228941,2024-01-21,2024-02-11,15,1485,0,15,17273,31378,Lovers Valentine Day Shadowbox,TechNerd,7298.0,263,Official,Finished,22,65.5909090909091,1.5400213447171824,158.65627165627166,2024,1,False,Seasonal & Holidays,87.33333333333333,92.0,34.66666666666667,72.9,A,True
13,O,Let there be Light,732,538,239678,2024-01-28,2024-02-18,12,690,0,12,41057,62402,BellSprout Lamp LED Kit 001,SavageLau,10874.0,246,Official,Finished,22,33.27272727272727,1.3605947955390334,327.42896174863387,2024,1,False,"Art, Décor & Fashion",59.333333333333336,73.33333333333333,38.0,57.1,B,False
14,O,Pills Organizer,417,438,287274,2024-02-04,2024-02-25,12,960,0,12,24249,68834,Block Pill Box,wuguigui,2151.0,814,Official,Finished,22,18.954545454545453,0.952054794520548,688.9064748201439,2024,2,False,Home & Functional,42.66666666666667,43.333333333333336,54.0,46.3,B,False
15,O,Kit Card,743,693,294796,2024-02-22,2024-03-17,15,1080,0,15,95391,232445,Jeep Kit Card,agepbiz,24263.0,1009,Official,Finished,25,29.72,1.072150072150072,396.76446837146705,2024,2,False,Toys & Games,76.0,68.0,57.333333333333336,68.0,A,False
16,O,Landmark Inspired,618,594,224670,2024-02-29,2024-03-24,15,1080,0,15,17671,20719,BIG BEN (Queen Elizabeth Tower),t.schafer,1258.0,59,Official,Finished,25,24.72,1.0404040404040404,363.54368932038835,2024,2,False,"Art, Décor & Fashion",68.0,59.333333333333336,32.666666666666664,54.8,B,False
17,O,Easter,1349,1025,211702,2024-03-09,2024-03-28,15,1080,0,15,12176,27632,Easter Rabbit Egg House,Filionix3D,1699.0,112,Official,Finished,20,67.45,1.3160975609756098,156.93254262416605,2024,3,False,Seasonal & Holidays,90.66666666666666,92.66666666666666,30.0,73.1,A,True
18,O,Bathroom Accessories,1273,1070,282510,2024-03-17,2024-04-07,12,960,0,11,34103,52271,Spinning Bathroom Organizer,DKprints,9988.0,285,Official,Finished,22,57.86363636363637,1.1897196261682244,221.92458758837392,2024,3,False,Home & Functional,92.0,88.0,52.0,78.8,A,False
19,O,Floral Spring,1040,772,187192,2024-03-24,2024-04-14,15,1080,0,15,31653,46067,Sunflower Windmill - Customizable Sy,BamBam Design,7680.0,386,Official,Finished,22,47.27272727272727,1.3471502590673574,179.9923076923077,2024,3,False,"Art, Décor & Fashion",78.66666666666666,83.33333333333334,23.333333333333332,63.5,B,False
20,O,Filament Purge,232,310,248940,2024-04-01,2024-04-24,15,1080,0,15,30047,28827,The Poop Scream - Frame Box,PrintinPlace,770.0,213,Official,Finished,24,9.666666666666666,0.7483870967741936,1073.0172413793102,2024,4,False,Home & Functional,24.0,19.0,42.66666666666667,28.1,C,False
21,O,Car Cabin Gadgets,622,616,404082,2024-04-08,2024-05-01,12,960,0,12,32618,55228,"Autotray Lite - A1, P1 and X1 compat",Darren 3d print,1913.0,184,Official,Finished,24,25.916666666666668,1.0097402597402598,649.6495176848874,2024,4,False,Home & Functional,70.66666666666667,60.0,88.0,72.7,A,False
22,O,0.2mm Nozzle,588,523,308267,2024-04-14,2024-05-15,15,1800,0,15,27258,46432,Eden King no support (50% Scale),肯德基怪叔叔,1192.0,556,Official,Finished,32,18.375,1.124282982791587,524.2636054421769,2024,4,False,Engineering & Tech,52.666666666666664,42.0,64.0,52.9,B,False
23,O,Mother's Day Design Festival,558,482,183843,2024-04-21,2024-05-08,12,960,0,12,16164,29063,"Scrolling Memories - for A1, P1 AND",Darren 3d print,360.0,195,Official,Finished,18,31.0,1.157676348547718,329.46774193548384,2024,4,False,Seasonal & Holidays,48.66666666666667,69.33333333333334,22.666666666666664,47.1,B,False
24,O,Animal Frenzy,770,550,258711,2024-04-28,2024-05-19,13,1000,0,13,32878,60600,Minimals Safari Pack,GlennovitS 3D,3956.0,328,Official,Finished,22,35.0,1.4,335.9883116883117,2024,4,False,"Art, Décor & Fashion",61.33333333333333,75.33333333333333,46.666666666666664,61.1,B,False
25,O,Wireless Mouse,114,130,343658,2024-05-13,2024-06-14,9,900,0,9,17607,45554,Millennium Falcon Wireless Mouse,上进的up主,3664.0,185,Official,Finished,33,3.4545454545454546,0.8769230769230769,3014.5438596491226,2024,5,True,Engineering & Tech,4.666666666666667,4.0,72.66666666666667,24.9,C,False
26,O,Fishing Gear,365,337,183259,2024-05-19,2024-06-09,12,810,0,12,34254,40585,Predator fishing tactical belt,CvH,438.0,178,Official,Finished,22,16.59090909090909,1.083086053412463,502.0794520547945,2024,5,False,Home & Functional,28.666666666666668,37.333333333333336,22.0,29.3,C,False
27,M,Master: OpenSCAD,492,628,404229,2024-05-26,2024-06-30,12,1560,0,12,99129,276182,Parametric Sorting Tray,Benjamin Kott,23636.0,485,Master Challenge,Finished,36,13.666666666666666,0.7834394904458599,821.6036585365854,2024,5,False,Engineering & Tech,71.33333333333334,32.666666666666664,88.66666666666667,64.9,A,False
28,O,Beach & Pool Essentials,567,466,213158,2024-06-03,2024-06-26,12,960,0,12,18965,33112,Thunder Boat Kit 010,Sevro,3565.0,183,Official,Finished,24,23.625,1.2167381974248928,375.9400352733686,2024,6,False,Home & Functional,46.0,56.00000000000001,30.666666666666664,44.4,B,False
29,O,Wedding Decor,474,397,130120,2024-06-11,2024-07-04,12,960,0,12,12064,18729,LED Lamp 001 Wedding chapel bedside,小厮工作室,1109.0,111,Official,Finished,24,19.75,1.1939546599496222,274.51476793248946,2024,6,False,"Art, Décor & Fashion",36.666666666666664,46.0,5.333333333333334,30.1,C,False
30,O,Wizarding Universe,554,415,222652,2024-06-17,2024-07-10,15,1080,0,15,21861,24205,Nimbus 2000 Harry Potter's Broom,3DMakeryDE,4811.0,108,Official,Finished,24,23.083333333333332,1.3349397590361445,401.898916967509,2024,6,False,"Art, Décor & Fashion",40.666666666666664,54.666666666666664,32.0,42.3,B,False
31,O,Beauty of Mathematics,678,546,304214,2024-06-24,2024-07-17,15,1080,0,15,38535,111309,Gear Rhombo by TNTBA,trynottobreakanything,9985.0,118,Official,Finished,24,28.25,1.2417582417582418,448.69321533923306,2024,6,False,Education & Social Good,60.0,66.66666666666666,60.0,62.0,B,False
32,O,Games of the 80s,568,464,248429,2024-06-29,2024-07-15,13,1000,0,13,43501,46041,Piranha Plant Switch Dock,Studio Wymr,18827.0,119,Official,Finished,17,33.411764705882355,1.2241379310344827,437.375,2024,6,False,Toys & Games,45.33333333333333,74.0,42.0,52.9,B,False
33,O,Shoe Charms,426,340,146225,2024-07-02,2024-07-24,12,960,0,12,14614,20408,Raptor Crocs,Golub17,6670.0,96,Official,Finished,23,18.52173913043478,1.2529411764705882,343.2511737089202,2024,7,False,"Art, Décor & Fashion",29.333333333333332,42.66666666666667,8.0,26.9,C,False
34,O,Celebrate Sports,540,483,147066,2024-07-08,2024-07-30,12,960,0,12,9863,17461,Paris 2024 Paralympic Medal with Dis,OUAeroEngr,268.0,81,Official,Finished,23,23.47826086956522,1.1180124223602483,272.34444444444443,2024,7,False,Engineering & Tech,49.333333333333336,55.333333333333336,9.333333333333334,39.1,B,False
37,O,Sandbox Games,499,441,233336,2024-07-16,2024-08-07,15,1080,0,15,37742,51765,Minecart Chase Marble Run,chiz_m,7778.0,526,Official,Finished,23,21.695652173913043,1.1315192743764173,467.60721442885773,2024,7,False,Toys & Games,43.333333333333336,52.0,36.0,43.7,B,False
38,O,CMF by Nothing Phone 1,484,509,304307,2024-07-23,2024-08-14,15,600,3,15,5972,4443,CMF RIG: Magnetic Phone Cage,3D KIMBA,711.0,28,Official,Finished,23,21.043478260869566,0.9508840864440079,628.7334710743802,2024,7,True,Engineering & Tech,50.66666666666667,49.333333333333336,60.66666666666667,53.3,B,False
39,O,Fridge Magnets,1210,876,229582,2024-07-25,2024-08-15,12,960,0,12,26183,24028,Family Plinko,ozarkexpeditions,6193.0,74,Official,Finished,22,55.0,1.3812785388127853,189.73719008264462,2024,7,False,Home & Functional,84.66666666666667,87.33333333333333,35.333333333333336,70.7,A,False
40,O,Biological Models,267,283,190079,2024-07-30,2024-08-21,15,1080,0,15,16897,17428,Cerebral Vascular Territories Model,DanMan,1280.0,650,Official,Finished,23,11.608695652173912,0.9434628975265018,711.9063670411985,2024,7,False,Education & Social Good,17.333333333333336,24.666666666666668,25.333333333333336,21.9,C,False
42,O,School Supplies,1203,928,337150,2024-08-07,2024-08-29,15,1080,0,16,39580,61015,Foldable School Tools,emanuelebargione,5736.0,349,Official,Finished,23,52.30434782608695,1.2963362068965518,280.25768911055695,2024,8,False,Home & Functional,86.66666666666667,85.33333333333334,71.33333333333334,81.7,A,False
43,O,Model Cars,243,327,304884,2024-08-13,2024-09-05,15,1080,0,15,40831,60883,Project ENDURANCE,Wcad00,2851.0,1105,Official,Finished,24,10.125,0.7431192660550459,1254.6666666666667,2024,8,False,Engineering & Tech,26.333333333333332,21.333333333333336,62.0,35.5,B,False
44,O,Pet Supplies,601,528,267398,2024-08-20,2024-09-11,15,1080,0,15,38156,52567,Cat Exercise Wheel,Josh-3D,10669.0,237,Official,Finished,23,26.130434782608695,1.1382575757575757,444.9217970049917,2024,8,False,Home & Functional,56.333333333333336,60.66666666666667,49.333333333333336,55.5,B,False
45,O,Games of the 90s,845,608,288294,2024-08-23,2024-09-15,12,960,0,12,28678,34240,Kart Race,chiz_m,3934.0,461,Official,Finished,24,35.208333333333336,1.3898026315789473,341.17633136094673,2024,8,False,Toys & Games,70.0,76.66666666666667,55.333333333333336,67.6,A,False
47,O,Hangers,1249,1000,356726,2024-08-28,2024-09-20,12,960,0,11,40046,65158,Key Hanger V2 - Impossible Passthrou,Dotted Lines,14616.0,58,Official,Finished,24,52.041666666666664,1.249,285.60928742994395,2024,8,False,Home & Functional,88.66666666666667,84.66666666666667,77.33333333333333,84.1,S,False
48,O,Puzzles & Brain Teasers,526,477,299724,2024-09-03,2024-09-27,12,960,0,12,18250,22119,Print in Place Brain Bot Puzzle,locatiadesigns,797.0,108,Official,Finished,25,21.04,1.1027253668763102,569.8174904942965,2024,9,False,Toys & Games,48.0,48.66666666666667,58.666666666666664,51.4,B,False
51,O,Halloween 2024,3656,2122,662455,2024-09-01,2024-10-15,23,2200,0,23,46800,56223,Haunted Halloween Carousel,xxhouse,2114.0,244,Official,Finished,45,81.24444444444444,1.7229029217719134,181.19666301969366,2024,9,False,Seasonal & Holidays,96.66666666666667,94.66666666666667,98.66666666666667,96.7,S,True
52,O,Magnificent Hometown,315,331,141855,2024-09-18,2024-10-11,15,1080,0,15,18244,21460,Ozark Mountain Sunset Book Nook,MaKim,4275.0,451,Official,Finished,24,13.125,0.9516616314199395,450.3333333333333,2024,9,False,"Art, Décor & Fashion",27.333333333333332,30.666666666666664,7.333333333333333,22.3,C,False
53,O,Wireless Head/Earphone Accessories,362,368,256163,2024-09-24,2024-10-16,15,1080,0,15,18252,22539,Penguin Headphone Stand,void93,4739.0,41,Official,Finished,23,15.73913043478261,0.9836956521739131,707.6325966850828,2024,9,False,Home & Functional,32.0,36.666666666666664,46.0,37.6,B,False
54,O,Modern Armaments: Tanks,225,251,189232,2024-09-30,2024-10-25,15,1080,0,15,12810,20715,M109A7 Paladin Self-Propelled Howitz,Sgt_Reckless,3858.0,155,Official,Finished,26,8.653846153846153,0.896414342629482,841.0311111111112,2024,9,False,Engineering & Tech,14.666666666666666,16.666666666666664,24.0,18.1,C,False
55,M,Master: Engines,193,266,382757,2024-09-30,2024-10-31,12,1650,0,13,33151,47379,Porsche 917 Engine,Simon Hörer,2726.0,737,Master Challenge,Finished,32,6.03125,0.7255639097744361,1983.19689119171,2024,9,False,Engineering & Tech,16.0,10.666666666666668,82.0,34.2,B,False
56,O,Travel Essentials,1306,1007,384276,2024-10-12,2024-11-04,15,1080,0,15,31213,62467,Travel / Camping Spice rack,OFF5PRING,1281.0,528,Official,Finished,24,54.416666666666664,1.2969215491559087,294.23889739663093,2024,10,False,Home & Functional,89.33333333333333,86.0,83.33333333333334,86.5,S,False
57,O,Masks,390,368,486827,2024-10-17,2024-11-10,12,960,0,13,23900,25559,Dog Mask - Split Model - Wall Mount,Becca_3D / Kaijumon,852.0,467,Official,Finished,25,15.6,1.059782608695652,1248.274358974359,2024,10,False,"Art, Décor & Fashion",32.0,36.0,94.66666666666667,52.0,B,False
58,O,Board Games,1108,916,578090,2024-10-25,2024-11-17,15,1080,0,17,45688,38855,Vault Assault - Fully Printable,Applepie,8505.0,245,Official,Finished,24,46.166666666666664,1.2096069868995634,521.7418772563177,2024,10,False,Toys & Games,86.0,82.0,96.0,87.8,S,False
59,O,Space Explorations,924,776,388988,2024-10-30,2024-12-01,15,1500,0,19,16250,20791,Artemis 1:100 ca.1m hoch,BrainyRP,2198.0,205,Official,Finished,33,28.0,1.190721649484536,420.98268398268397,2024,10,False,Education & Social Good,79.33333333333333,65.66666666666666,84.0,76.6,A,False
60,O,Trip to North Pole,1410,1045,309073,2024-11-08,2024-12-01,15,1080,0,16,18828,24156,North Pole landscape automaton,Mimi home deco,1302.0,321,Official,Finished,24,58.75,1.3492822966507176,219.20070921985817,2024,11,False,Seasonal & Holidays,91.33333333333333,89.33333333333333,64.66666666666666,82.7,A,False
61,O,Castles,322,347,283186,2024-11-14,2024-12-15,15,1500,0,16,30345,49543,Castle Celestia,Applejax_Industries,438.0,770,Official,Finished,32,10.0625,0.9279538904899135,879.4596273291926,2024,11,False,"Art, Décor & Fashion",30.0,20.666666666666668,52.666666666666664,34.0,B,False
62,O,Cozy Christmas,6254,3362,672259,2024-11-29,2024-12-21,18,1350,0,19,24427,25775,Animated Winter Wonderland,chiz_m,1583.0,44,Official,Finished,23,271.9130434782609,1.860202260559191,107.49264470738727,2024,11,False,Seasonal & Holidays,99.33333333333333,100.0,99.33333333333333,99.5,S,True
63,M,Master: Mecha,302,288,304020,2024-11-26,2024-12-22,15,1500,0,15,26880,31528,BambuBot-A1 Mecha (AMS ver.),洞洞脑子研造社,7137.0,348,Master Challenge,Finished,27,11.185185185185185,1.0486111111111112,1006.6887417218543,2024,11,False,Engineering & Tech,20.0,23.333333333333332,59.333333333333336,32.8,C,False
64,O,Coffee Station,684,577,324014,2024-11-29,2024-12-17,12,960,0,15,8132,10969,Portafilter Cleaner Mechanical,laisch,1716.0,92,Official,Finished,19,36.0,1.1854419410745234,473.7046783625731,2024,11,False,Home & Functional,66.66666666666666,78.66666666666666,67.33333333333333,70.5,A,False
65,O,Clocks,687,564,432622,2024-12-03,2024-12-24,12,960,0,13,20425,17207,Cosmic Chronos Cube,innovUX,1744.0,141,Official,Finished,22,31.227272727272727,1.2180851063829787,629.72634643377,2024,12,False,Home & Functional,65.33333333333333,70.0,91.33333333333333,74.5,A,False
66,O,Maker's Beginner Kit,464,649,338922,2024-12-16,2025-01-05,15,1080,0,15,41237,46530,Magnetic Fishing Toy Set,Abe Builds,1540.0,353,Official,Finished,21,22.095238095238095,0.7149460708782742,730.4353448275862,2024,12,False,Toys & Games,72.66666666666667,52.666666666666664,72.0,66.5,A,False
67,M,Master: Marble Run,176,185,390712,2024-12-14,2025-01-05,12,1350,0,14,37692,34187,360 Rotating Marble Run - Enclosed,MaKim,10299.0,735,Master Challenge,Finished,23,7.6521739130434785,0.9513513513513514,2219.9545454545455,2024,12,False,Engineering & Tech,8.666666666666668,16.0,84.66666666666667,33.7,C,False
68,O,Physics Education,781,689,626463,2024-12-23,2025-01-16,15,1080,0,17,18384,12831,Modular Wind Tunnel for STEM Educati,Jerrod H,7514.0,81,Official,Finished,25,31.24,1.1335268505079825,802.1293213828425,2024,12,False,Education & Social Good,75.33333333333333,70.66666666666667,97.33333333333334,80.5,A,False
69,O,Vaults,374,369,421004,2024-12-30,2025-01-26,13,1400,0,15,19134,23376,The Cube,Zeko (BubblyEvil),3207.0,83,Official,Finished,28,13.357142857142858,1.013550135501355,1125.6791443850268,2024,12,False,Home & Functional,33.33333333333333,31.333333333333336,90.66666666666666,49.9,B,False
70,O,Year of the Snake,1061,804,311547,2025-01-03,2025-01-26,13,1000,0,15,8854,7368,Racing Snake Game,wontonnn,6482.0,176,Official,Finished,24,44.208333333333336,1.3196517412935322,293.6352497643732,2025,1,False,Seasonal & Holidays,80.66666666666666,80.66666666666666,66.0,76.3,A,False
72,O,Fighter Jets,546,515,407162,2025-01-08,2025-02-02,15,1080,0,19,24522,37790,Rafale R/C jet fighter - 64mm EDF,Monkey Brains,2547.0,441,Official,Finished,26,21.0,1.0601941747572816,745.7179487179487,2025,1,False,Engineering & Tech,51.33333333333333,48.0,89.33333333333333,61.7,B,False
73,O,2025 Valentine's Day,4563,2965,580305,2025-01-17,2025-02-12,13,1400,0,15,17830,33564,Valentine's Day Candle-Making Set,The Chaos Lab,795.0,72,Official,Finished,27,169.0,1.5389544688026982,127.17619986850757,2025,1,False,Seasonal & Holidays,98.0,98.0,96.66666666666667,97.6,S,True
74,O,Shoe Racks,366,404,485616,2025-01-22,2025-02-17,15,1080,0,17,52893,58720,Fold Out Shoe Cabinet,tpscheck,4708.0,40,Official,Finished,27,13.555555555555555,0.905940594059406,1326.8196721311476,2025,1,False,Home & Functional,37.666666666666664,32.0,94.0,52.9,B,False
75,M,Master: Toy Train Track Sets,384,318,363378,2025-01-24,2025-02-23,15,1500,0,17,14554,18239,Wood Train Castle Drawbridge,kyle_k,980.0,78,Master Challenge,Finished,31,12.387096774193548,1.2075471698113207,946.296875,2025,1,False,Engineering & Tech,25.333333333333336,26.666666666666668,79.33333333333333,41.9,B,False
76,O,Monitor Risers,798,730,499988,2025-02-12,2025-03-07,13,1000,0,15,51382,58895,Modular Desk Shelf Fully Printed,Robota,22201.0,111,Official,Finished,24,33.25,1.093150684931507,626.5513784461153,2025,2,False,Home & Functional,77.33333333333333,72.66666666666667,95.33333333333334,81.3,A,False
77,O,MakerWorld x Corcelain,342,380,224843,2025-02-28,2025-03-23,15,1500,0,16,5246,3526,Corcelain Vase Kit,9percent,405.0,44,Official,Finished,24,14.25,0.9,657.4356725146199,2025,2,True,"Art, Décor & Fashion",34.0,33.33333333333333,33.33333333333333,33.6,C,False
78,O,Geology/Geography Studies,615,526,349239,2025-02-17,2025-03-11,13,1000,0,15,18573,11462,Fossil Excavation,WangRY,6320.0,262,Official,Finished,23,26.73913043478261,1.1692015209125475,567.8682926829268,2025,2,False,Education & Social Good,54.666666666666664,62.0,75.33333333333333,63.1,B,False
79,O,Becoming A Hunter,1130,837,393028,2025-02-22,2025-03-16,12,1050,0,15,24451,32396,Monster Hunter Wilds Long Sword 1.5,卡卡,3660.0,424,Official,Finished,23,49.130434782608695,1.3500597371565113,347.812389380531,2025,2,False,"Art, Décor & Fashion",83.0,84.0,85.33333333333334,84.0,A,False
80,M,Master: Musical Instruments,644,526,359160,2025-02-25,2025-03-23,13,1400,0,17,36999,45198,4/4 Violin Full Size,viu.logic,5240.0,122,Master Challenge,Finished,27,23.85185185185185,1.2243346007604563,557.7018633540373,2025,2,False,Engineering & Tech,54.666666666666664,56.666666666666664,78.66666666666666,62.5,B,False
81,O,Cities of the Future,320,355,324459,2025-03-06,2025-03-30,15,1080,0,15,16397,14012,NeoHexa Metropolis Marble Run,Structales - Roadrunner4d,7943.0,24,Official,Finished,25,12.8,0.9014084507042254,1013.934375,2025,3,False,Education & Social Good,30.666666666666664,28.666666666666668,68.0,41.3,B,False
82,O,Reusing Cardboard Spools,546,498,344603,2025-03-11,2025-04-06,15,1080,0,17,11495,7728,Project Benchy / Spool Art,ERAVIA,475.0,76,Official,Finished,27,20.22222222222222,1.0963855421686748,631.1410256410256,2025,3,False,Home & Functional,50.0,46.666666666666664,73.33333333333333,56.0,B,False
83,O,"Eggs, but not just Eggs (Easter)",3199,2073,396864,2025-03-14,2025-04-13,15,1200,0,17,18804,29463,Easter Bunny Egg House & Candy Jar,Johnny_Bit,2165.0,62,Official,Finished,31,103.19354838709677,1.5431741437530149,124.0587683651141,2025,3,False,Seasonal & Holidays,95.33333333333334,96.0,86.66666666666667,92.9,S,True
84,O,Music Box,95,173,210129,2025-03-21,2025-04-13,15,1080,0,17,8282,6817,Jukebox - Night Light and Music Box,blecheimer,749.0,150,Official,Finished,24,3.9583333333333335,0.5491329479768786,2211.8842105263157,2025,3,False,Toys & Games,8.0,5.333333333333334,29.333333333333332,13.6,C,False
85,O,Portable Chair,246,255,348837,2025-03-26,2025-04-20,15,1080,0,15,39211,30801,Portable chair with suitcase functio,EMAY-DESIGN,18506.0,53,Official,Finished,26,9.461538461538462,0.9647058823529412,1418.0365853658536,2025,3,False,Home & Functional,15.333333333333332,18.0,74.66666666666667,33.9,B,False
86,O,Mini Casino,466,430,351811,2025-04-01,2025-04-24,15,1080,0,15,31600,22488,Mini Roulette,sdaendi,17522.0,55,Official,Finished,24,19.416666666666668,1.083720930232558,754.9592274678112,2025,4,False,Toys & Games,42.0,44.666666666666664,76.0,53.0,B,False
87,O,3DBenchy 10th Anniversary,1986,1575,455830,2025-04-09,2025-05-11,15,600,3,18,22292,16812,Pirate Benchy - Remote Control,Carmelart_,1534.0,73,Official,Finished,33,60.18181818181818,1.260952380952381,229.52165156092647,2025,4,False,Engineering & Tech,94.0,90.0,92.0,92.2,S,False
88,O,Hiking,931,727,459518,2025-04-14,2025-05-10,15,1080,0,15,36859,33634,Trekking Poles (height adjustable),Nimburs,571.0,392,Official,Finished,27,34.48148148148148,1.28060522696011,493.5746509129968,2025,4,False,Home & Functional,76.66666666666667,74.66666666666667,92.66666666666666,80.9,A,False
89,O,Gardening Tool,1775,1275,462325,2025-04-21,2025-05-18,15,1080,0,17,37206,41573,RainReserve - Downspout Diversion Sy,vaughn.taylor,2658.0,258,Official,Finished,28,63.392857142857146,1.392156862745098,260.46478873239437,2025,4,False,Home & Functional,92.66666666666666,91.33333333333333,93.33333333333333,92.5,S,False
90,O,Water Spray,213,235,382823,2025-04-30,2025-06-01,15,1500,0,17,43089,48702,Remote Controlled Water Turret,MaKim,6749.0,240,Official,Finished,33,6.454545454545454,0.9063829787234042,1797.2910798122066,2025,4,False,Toys & Games,13.333333333333334,12.0,82.66666666666667,33.7,C,False
91,O,Magic Trick,314,287,311193,2025-04-29,2025-05-25,13,1000,0,17,31088,62086,Magic Trick Card Deck,Prime Tower Designs,629.0,265,Official,Finished,27,11.62962962962963,1.0940766550522647,991.0605095541401,2025,4,False,Toys & Games,19.333333333333332,25.333333333333336,65.33333333333333,34.9,B,False
92,O,Crown,739,637,181268,2025-05-07,2025-05-31,13,1000,0,15,11675,9386,Chow Crown,EngineerForge,511.0,178,Official,Finished,25,29.56,1.1601255886970172,245.28822733423544,2025,5,False,"Art, Décor & Fashion",72.0,67.33333333333333,21.333333333333336,55.4,B,False
93,O,Coffee Goes Places,550,528,347567,2025-05-12,2025-06-08,39,0,9,39,21330,18768,Camp Coffee Kit Vault,DKprints,1926.0,72,Official,Finished,28,19.642857142857142,1.0416666666666667,631.94,2025,5,False,Home & Functional,56.333333333333336,45.33333333333333,74.0,58.3,B,False
94,O,Boxes/Containers,115,95,146763,2025-05-13,2025-06-07,9,840,0,9,2103,4217,Arcane Codex - Spellbook Box,21CNCStudio,828.0,78,Official,Finished,26,4.423076923076923,1.2105263157894737,1276.2,2025,5,False,Home & Functional,3.3333333333333335,6.0,8.666666666666668,5.7,C,False
95,O,Laboratory Equipment,688,557,276194,2025-05-19,2025-06-15,13,1000,0,15,8870,5834,Lab Ants: Modular Ant Formicarium,GalacticatCo,1496.0,56,Official,Finished,28,24.571428571428573,1.2351885098743267,401.44476744186045,2025,5,False,Education & Social Good,63.33333333333333,58.666666666666664,50.0,57.9,B,False
96,O,Candy Dispenser,444,410,323424,2025-05-22,2025-06-16,13,1400,0,15,37546,22647,Coin Operated Vending Machine,Rocco's Stuff,5616.0,97,Official,Finished,26,17.076923076923077,1.0829268292682928,728.4324324324324,2025,5,False,Toys & Games,40.0,38.0,66.66666666666666,47.4,B,False
97,O,Chillin' Summer 2025,1317,961,379976,2025-06-06,2025-06-29,13,1000,0,15,60981,85385,Hand Bubble Machine,coverv,5574.0,981,Official,Finished,24,54.875,1.3704474505723205,288.5163249810175,2025,6,False,Seasonal & Holidays,88.0,86.66666666666667,80.66666666666666,85.4,S,False
98,O,Photography Accessories,665,529,401255,2025-06-13,2025-07-06,13,1000,0,13,38398,23454,Lumetra - modular photography stand,Sparky Summer,6136.0,117,Official,Finished,24,27.708333333333332,1.2570888468809074,603.390977443609,2025,6,True,Home & Functional,57.333333333333336,64.0,87.33333333333333,68.3,A,False
99,M,Master: Mini Arcade,444,381,293431,2025-06-17,2025-07-20,15,1500,0,15,26178,13944,Arcade Pong Mecanico,Alberto Nicás,2618.0,515,Master Challenge,Finished,34,13.058823529411764,1.1653543307086613,660.8806306306307,2025,6,False,Engineering & Tech,34.66666666666667,30.0,56.666666666666664,39.9,B,False
100,O,Diorama,643,559,287805,2025-06-20,2025-07-20,13,1000,0,24,34572,19205,mini CITIES - FUTURAMA,ModularMade,3277.0,483,Official,Finished,31,20.741935483870968,1.150268336314848,447.59720062208396,2025,6,False,"Art, Décor & Fashion",64.66666666666666,47.333333333333336,54.666666666666664,56.5,B,False
101,M,CyberBrick Master: Scenes & Maps,318,301,335282,2025-06-27,2025-08-31,13,2000,0,15,13396,13700,The Machine - A Factory Playset,jaayjeee,2062.0,188,Master Challenge,Finished,66,4.818181818181818,1.0564784053156147,1054.3459119496856,2025,6,False,Engineering & Tech,22.0,8.0,70.66666666666667,32.4,C,False
102,O,Automobile,42,40,95521,2025-06-30,2025-07-27,7,760,0,7,1449,3980,CyberCruiser / CyberBrick Compatible,21CNCStudio,431.0,82,Official,Finished,28,1.5,1.05,2274.309523809524,2025,6,False,Engineering & Tech,0.6666666666666667,1.6666666666666667,0.6666666666666667,1.0,C,False
103,O,Dino Safari,995,675,254657,2025-07-04,2025-08-03,13,1000,0,14,26688,24573,Saber Tooth Tiger Skull Pet Bed,vali,6158.0,97,Official,Finished,31,32.096774193548384,1.474074074074074,255.93668341708542,2025,7,False,"Art, Décor & Fashion",74.0,71.33333333333334,44.666666666666664,64.4,B,False
104,O,Built to Flex,756,555,324962,2025-07-11,2025-08-10,13,1000,0,15,27048,30679,Massage Tool Set,EMAY-DESIGN,6928.0,165,Official,Finished,31,24.387096774193548,1.3621621621621622,429.84391534391534,2025,7,False,Toys & Games,62.0,57.99999999999999,68.66666666666667,62.8,B,False
105,O,Painting Tools,849,664,291269,2025-07-17,2025-08-11,13,1000,0,13,33728,43198,Z-Desk Paint Master Modular Tool,Polvak3D,5394.0,34,Official,Finished,26,32.65384615384615,1.2786144578313252,343.07302709069495,2025,7,False,Home & Functional,73.33333333333333,72.0,56.00000000000001,67.7,A,False
106,O,Jewelry Box,624,548,245744,2025-07-23,2025-08-17,13,1000,0,17,31118,23071,Peranakan Jewel/Organizer Box,Dominik,1369.0,605,Official,Finished,26,24.0,1.1386861313868613,393.8205128205128,2025,7,False,Home & Functional,60.66666666666667,57.333333333333336,40.0,53.5,B,False
107,O,Glow Within,1107,824,335272,2025-08-05,2025-09-01,13,1000,0,15,30516,24006,Enma - Zoro's Legendary Katana,Tobyruss,2709.0,425,Official,Finished,28,39.535714285714285,1.3434466019417475,302.8654019873532,2025,8,False,"Art, Décor & Fashion",81.33333333333333,79.33333333333333,70.0,77.3,A,False
108,O,Key Covers,533,592,416191,2025-08-07,2025-09-03,13,1000,0,14,12114,8712,Pocket Smart Keyholder,Jorge Rui,3821.0,20,Official,Finished,28,19.035714285714285,0.9003378378378378,780.8461538461538,2025,8,False,Home & Functional,67.33333333333333,44.0,90.0,67.1,A,False
109,O,Power Meets Creativity,174,221,358666,2025-09-01,2025-09-26,13,1400,0,13,3588,1044,EcoJack: Flow of Fright,Cryostatic,794.0,8,Official,Finished,26,6.6923076923076925,0.7873303167420814,2061.2988505747126,2025,9,True,Engineering & Tech,12.0,12.666666666666668,78.0,32.0,C,False
110,O,Greek Mythology,1094,837,304646,2025-08-25,2025-09-17,13,1000,0,15,15467,11905,Athens Origins Boardgame,Coep,797.0,131,Official,Finished,24,45.583333333333336,1.3070489844683393,278.4698354661792,2025,8,False,"Art, Décor & Fashion",83.0,81.33333333333333,61.33333333333333,76.0,A,False
111,M,Master: Battleship,419,455,279817,2025-09-17,2025-10-19,15,1500,0,15,14530,19381,RC Battleship SMS Helgoland 1:150,JKnittelDesign,4311.0,429,Master Challenge,Finished,33,12.696969696969697,0.9208791208791208,667.8210023866349,2025,9,False,Engineering & Tech,44.666666666666664,28.000000000000004,50.66666666666667,41.5,B,False
112,O,Cathedral,335,314,173841,2025-09-26,2025-10-21,13,1000,0,13,11816,6876,Cathedral or Castle Blocks,MarioMAX,4255.0,111,Official,Finished,26,12.884615384615385,1.0668789808917198,518.9283582089553,2025,9,False,"Art, Décor & Fashion",24.666666666666668,29.333333333333332,18.666666666666668,24.3,C,False
113,O,Halloween 2025,5738,3047,728215,2025-09-30,2025-10-26,13,1000,0,15,23069,16475,Haunted House - A Halloween Scene,Structales - Roadrunner4d,5632.0,73,Official,Finished,27,212.5185185185185,1.883163767640302,126.91094457999303,2025,9,False,Seasonal & Holidays,98.66666666666667,98.66666666666667,100.0,99.1,S,True
114,M,Master: Conveyor Belt,153,162,296237,2025-10-14,2025-11-16,15,1500,0,16,30882,17074,Wedge Conveyor System-KE 50,Virrgott,3310.0,483,Master Challenge,Finished,34,4.5,0.9444444444444444,1936.18954248366,2025,10,False,Engineering & Tech,6.666666666666667,7.000000000000001,57.99999999999999,22.2,C,False
115,O,Baby Stroller Accessories,234,275,265572,2025-10-23,2025-11-24,13,1000,0,13,13144,13207,Noble Steed - Stroller Accessory,Sir Cadsalot,537.0,64,Official,Finished,33,7.090909090909091,0.850909090909091,1134.923076923077,2025,10,False,Home & Functional,16.666666666666664,14.000000000000002,48.0,25.3,C,False
116,M,CyberBrick Master: Compatible Remotes,72,72,199653,2025-10-30,2025-12-02,13,1400,0,13,13945,5662,CyberGauntlet: Wearable Controller,BlainLeVilain,2304.0,458,Master Challenge,Finished,34,2.1176470588235294,1.0,2772.9583333333335,2025,10,False,Engineering & Tech,2.0,3.3333333333333335,28.000000000000004,10.2,C,False
117,O,realme GT8 Pro Deco,267,285,170158,2025-11-07,2025-12-20,19,1280,3,19,1398,431,Fidget Steampunk Camera Cover,Vixis,321.0,12,Official,Finished,44,6.068181818181818,0.9368421052631579,637.2958801498128,2025,11,True,"Art, Décor & Fashion",18.0,11.333333333333332,17.333333333333336,15.8,C,False
118,O,TRYX Open-frame Case,57,78,249205,2025-11-16,2025-12-23,13,1500,0,13,12950,7119,PIXEL Modular Open Frame PC Case,Robota,3805.0,568,Official,Finished,38,1.5,0.7307692307692307,4372.017543859649,2025,11,True,Home & Functional,2.666666666666667,1.6666666666666667,43.333333333333336,14.6,C,False
119,O,The Vortek: Zero Compromise,522,389,175536,2025-11-18,2025-12-21,13,2200,0,13,12457,9563,Starry Night Vase,Procs Design,1142.0,339,Official,Finished,34,15.352941176470589,1.3419023136246786,336.2758620689655,2025,11,True,"Art, Décor & Fashion",36.0,35.333333333333336,19.333333333333332,30.8,C,False
120,O,Printmas 2025,7078,3634,636726,2025-11-21,2025-12-21,15,1080,0,21,36802,27697,Winter Village - Sled Hill Diorama,Structales - Roadrunner4d,3677.0,54,Official,Finished,31,228.32258064516128,1.9477160154100166,89.95846284261091,2025,11,False,Seasonal & Holidays,100.0,99.33333333333333,98.0,99.2,S,True
121,O,Snowball Fight,220,230,236829,2025-11-28,2025-12-28,13,1000,0,13,23604,14067,Snowball Making Machine,Alberto Nicás,5050.0,385,Official,Finished,31,7.096774193548387,0.9565217391304348,1076.4954545454545,2025,11,False,Seasonal & Holidays,12.666666666666668,14.666666666666666,36.666666666666664,20.5,C,False
122,O,Torch,365,407,176811,2025-12-08,2026-01-11,13,1000,0,14,11671,5224,LIBERTY TORCH - Magnetic Levitation,Ariel,256.0,58,Official,Finished,35,10.428571428571429,0.8968058968058968,484.413698630137,2025,12,False,"Art, Décor & Fashion",38.666666666666664,22.0,20.0,28.1,C,False
123,M,Master: Portable Vacuum Cleaner,221,218,247900,2025-12-12,2026-01-18,15,1500,0,15,11271,7507,Robot Vacuum Cleaner X Cyberbrick,FADY,3381.0,82,Master Challenge,Finished,38,5.815789473684211,1.0137614678899083,1121.7194570135746,2025,12,False,Engineering & Tech,11.333333333333332,9.333333333333334,41.333333333333336,19.7,C,False
124,C,@Kit Crafters Mecha Remix,139,155,151826,2025-12-14,2026-01-19,6,360,1,6,4061,4390,Origin-Zero: Black Knight,PeWu,1161.0,132,Creator-hosted,Finished,37,3.7567567567567566,0.896774193548387,1092.273381294964,2025,12,False,Engineering & Tech,6.0,4.666666666666667,10.0,6.8,C,False
125,O,Scepter,374,368,155431,2025-12-26,2026-01-26,13,1060,0,13,6845,4070,Guilded Moonstone Scepter,WazzyPrints3D,1387.0,60,Official,Finished,32,11.6875,1.016304347826087,415.59090909090907,2025,12,False,"Art, Décor & Fashion",32.0,26.0,12.666666666666668,24.4,C,False
126,M,Master: Book Nook,599,526,266146,2026-01-07,2026-02-08,15,1500,0,20,43161,25071,Magical Portal Book Nook,MaKim,3209.0,490,Master Challenge,Finished,33,18.151515151515152,1.138783269961977,444.31719532554257,2026,1,False,Engineering & Tech,54.666666666666664,41.333333333333336,48.66666666666667,48.9,B,False
127,O,Year of the Horse,1187,885,170013,2026-01-08,2026-02-09,13,1000,0,13,16866,36463,2026 The Year of the Horse,ImU,93.0,42,Official,Finished,33,35.96969696969697,1.3412429378531074,143.22914911541702,2026,1,False,Seasonal & Holidays,85.33333333333334,78.0,16.666666666666664,62.5,B,False
128,O,Layered with Love: 2026 Valentine's Day,4432,2769,354838,2026-01-22,2026-02-24,13,1000,0,15,24326,19948,Museum of Us,Taposk,5159.0,74,Official,Finished,34,130.35294117647058,1.6005778259299386,80.06272563176896,2026,1,False,Seasonal & Holidays,97.33333333333334,97.33333333333334,76.66666666666667,91.1,S,True
129,M,Master: Wearable Armor,332,327,252012,2026-02-03,2026-03-22,15,1600,0,15,24212,17730,Samurai / Ronin Full Armor Set,reforg3d,4650.0,492,Master Challenge,Finished,48,6.916666666666667,1.0152905198776758,759.0722891566265,2026,2,False,Engineering & Tech,26.333333333333332,13.333333333333334,44.0,27.7,C,False
130,O,Home Bar,971,750,263086,2026-02-09,2026-03-15,13,1000,0,15,45900,66014,Industrial Pipe Whiskey Bottle Holder,MY LIGHT,1034.0,229,Official,Finished,35,27.742857142857144,1.2946666666666666,270.94335736354276,2026,2,False,Home & Functional,78.0,64.66666666666666,47.333333333333336,64.8,B,False
131,C,@prime_tower - Old World Magic,570,408,152973,2026-02-11,2026-03-15,10,1000,0,10,5691,5301,Aetheroscope - Kinetic Moire,StudioPrint.3D,613.0,197,Creator-hosted,Finished,33,17.272727272727273,1.3970588235294117,268.37368421052633,2026,2,False,"Art, Décor & Fashion",39.33333333333333,39.33333333333333,11.333333333333332,30.9,C,False
132,O,Hair Accessories,498,386,161365,2026-02-25,2026-03-29,13,1000,0,15,12405,7487,Butterfly Crown Headband,Pipin.World,1510.0,200,Official,Finished,33,15.090909090909092,1.2901554404145077,324.0261044176707,2026,2,False,"Art, Décor & Fashion",35.333333333333336,34.0,14.000000000000002,28.5,C,False
133,O,Hop Into Creativity: Easter 2026,3555,2074,325865,2026-03-04,2026-04-05,21,1540,0,22,9307,5645,Easter Garden - Kit Card Set,berri3D,827.0,4,Official,Finished,33,107.72727272727273,1.714079074252652,91.66385372714487,2026,3,False,Seasonal & Holidays,96.0,96.66666666666667,69.33333333333334,88.2,S,True
134,O,Expect the Unexpected: April Fools' Day,707,603,280869,2026-03-02,2026-04-01,13,1000,0,13,34652,25890,Broken Glass Prank,Stag 3D,6945.0,711,Official,Finished,31,22.806451612903224,1.1724709784411278,397.26874115983026,2026,3,False,Seasonal & Holidays,69.33333333333334,53.333333333333336,51.33333333333333,59.1,B,False
135,C,@wuguigui CyberBrick RC Cars Remix,84,106,113333,2026-03-10,2026-04-19,11,0,9,11,965,449,CyberBrick 4x4 Wheeled Excavator,瘋子般の小白,187.0,53,Creator-hosted,Finished,41,2.048780487804878,0.7924528301886793,1349.202380952381,2026,3,False,Engineering & Tech,4.0,2.666666666666667,4.0,3.6,C,False
136,O,Bonsai,586,525,245063,2026-03-17,2026-04-19,13,1000,0,13,27670,18241,The Story of Bonsai,FK,219.0,336,Official,Finished,34,17.235294117647058,1.1161904761904762,418.1962457337884,2026,3,False,"Art, Décor & Fashion",53.333333333333336,38.666666666666664,38.666666666666664,44.5,B,False
137,C,@Pi-Guy - Filament Recycling,314,304,382748,2026-03-24,2026-04-24,10,500,0,10,10620,2597,Modular compression molding system,Tabaluga,2702.0,42,Creator-hosted,Finished,32,9.8125,1.0328947368421053,1218.9426751592357,2026,3,False,Home & Functional,22.666666666666664,20.0,81.33333333333333,39.5,B,False
138,C,@JamesDaRock - Pieksekisten,1976,1008,305953,2026-04-02,2026-05-05,13,0,0,0,0,0,,,,60,Creator-hosted,Finished,34,58.11764705882353,1.9603174603174602,154.83451417004048,2026,4,False,Education & Social Good,90.0,88.66666666666667,62.66666666666667,81.4,A,False
139,O,Football Fan Spirit,847,600,194497,2026-04-10,2026-05-10,13,1000,0,13,12831,14994,Magnetic Levitating Soccer Ball,Mc2.project3D,369.0,33,Official,Finished,31,27.322580645161292,1.4116666666666666,229.63046044864225,2026,4,False,Toys & Games,68.66666666666667,63.33333333333333,26.0,54.3,B,False
140,O,Wind Spinner,324,295,245283,2026-04-14,2026-05-14,13,1000,0,13,19594,18999,Wind-powered pumping station,AD-Concept,3821.0,106,Official,Finished,31,10.451612903225806,1.0983050847457627,757.0462962962963,2026,4,False,"Art, Décor & Fashion",20.666666666666668,22.666666666666664,39.33333333333333,26.9,C,False
141,C,@Stag3D - Spring Play,709,530,198658,2026-04-17,2026-05-17,15,600,0,15,22563,27016,Mini Pet Carrier Playset,JABO Designs,2534.0,1316,Creator-hosted,Finished,31,22.870967741935484,1.3377358490566038,280.19464033850494,2026,4,False,Toys & Games,57.99999999999999,54.0,27.333333333333332,47.6,B,False
142,C,@Mafagrafos - Parametric Home Decor,1151,777,225682,2026-04-30,2026-05-31,4,640,0,5,4580,4733,Parametric Cutting Board Stand,Stoneburrow,3483.0,231,Creator-hosted,Finished,32,35.96875,1.4813384813384813,196.07471763683753,2026,4,False,Home & Functional,80.0,77.33333333333333,34.0,65.4,A,False
143,C,@scottyujan - Home Gallery,2101,1276,255826,2026-04-21,2026-05-24,28,1400,23,28,29918,18160,KYRO - Modular Wall System,Yousuf Zakaria,1884.0,585,Creator-hosted,Finished,34,61.794117647058826,1.646551724137931,121.76392194193241,2026,4,False,"Art, Décor & Fashion",93.33333333333333,90.66666666666666,45.33333333333333,78.1,A,False
144,O,Cup Holder,1064,836,246106,2026-05-15,2026-06-21,18,1260,0,18,31527,21514,The Beer Buoy - Floating Gyro Cup,Sulena 3D Design,8595.0,418,Official,Finished,38,28.0,1.2727272727272727,231.30263157894737,2026,5,False,Home & Functional,82.0,65.66666666666666,40.666666666666664,64.7,B,False
145,O,Children's Toy,3363,1756,371590,2026-05-21,2026-06-28,21,1540,0,19,46206,37065,Birthday Cake Set with LED Candles,3DPmom,2352.0,1478,Official,Finished,39,86.23076923076923,1.9151480637813212,110.49360689860244,2026,5,False,Toys & Games,94.66666666666667,95.33333333333334,80.0,90.5,S,False
146,C,@SabreDesign & @Collecticraft - Moku System,198,152,222510,2026-05-29,2026-07-01,8,700,0,8,1030,485,Moku - Modular Desk Organizer,Nam Bao,105.0,49,Creator-hosted,Finished,34,5.823529411764706,1.3026315789473684,1123.7878787878788,2026,5,False,Toys & Games,5.333333333333334,10.0,31.333333333333336,14.5,C,False
147,C,@everythingDND - The Breach,737,474,152270,2026-06-08,2026-07-12,6,0,2,6,4444,2513,Exploding Tower with Light-Up Dice,MaKim,496.0,603,Creator-hosted,Finished,35,21.057142857142857,1.5548523206751055,206.6078697421981,2026,6,False,Toys & Games,47.333333333333336,50.0,10.666666666666668,37.1,B,False
149,O,Pet Feeder,624,522,177347,2026-06-22,2026-07-26,15,1080,0,17,12405,4443,Auto Pet-Feeder Module,3DMakerSpace,3475.0,210,Official,Finished,35,17.82857142857143,1.1954022988505748,284.2099358974359,2026,6,False,Home & Functional,52.0,40.0,20.666666666666668,39.0,B,False
150,C,@Pipin.World BONBON Capsules,894,556,108252,2026-07-01,2026-07-30,10,880,3,11,4605,2093,Kit Card - Dragon BONBON,berri3D,561.0,272,Creator-hosted,Finished,30,29.8,1.6079136690647482,121.08724832214764,2026,7,False,Toys & Games,62.66666666666667,68.66666666666667,2.666666666666667,46.5,B,False
151,C,@Bavaria_3D Tanks T-34 Evolution Remix,66,49,97063,2026-06-18,2026-08-03,9,0,0,9,490,202,T-34 Catapult Tank,YR,67.0,33,Creator-hosted,Finished,47,1.4042553191489362,1.346938775510204,1470.6515151515152,2026,6,False,Engineering & Tech,1.3333333333333335,0.6666666666666667,1.3333333333333335,1.1,C,False
152,C,@MeshBear - Exoskeleton & Articulated Mechanism,234,240,155239,2026-07-06,2026-08-16,11,0,1,11,20199,10764,RoboPrinter: P2S Transforming Robot,6D Creation,4165.0,1026,Creator-hosted,Finished,42,5.571428571428571,0.975,663.4145299145299,2026,7,False,Engineering & Tech,14.000000000000002,8.666666666666668,12.0,11.8,C,False
153,O,MakerWorld x Insta360 Luna Ultra,234,192,173303,2026-07-10,2026-08-09,16,3147,3,16,2532,502,Rolluna,JJ,162.0,106,Official,Finished,31,7.548387096774194,1.21875,740.6111111111111,2026,7,True,Engineering & Tech,9.333333333333334,15.333333333333332,18.0,13.7,C,False
154,O,Homer's Epics,580,419,162182,2026-07-17,2026-08-23,15,1080,0,16,13104,5735,Odyssey: The Shifting Seas,Simon,1286.0,240,Official,Finished,38,15.263157894736842,1.3842482100238664,279.6241379310345,2026,7,False,"Art, Décor & Fashion",41.333333333333336,34.66666666666667,14.666666666666666,31.3,C,False
155,C,@Ozarkexpeditions - PlayGrid Board Games,162,165,166192,2026-07-22,2026-08-26,6,330,0,6,2340,423,Dogfight Tactics Board Game,yodovicz,582.0,63,Creator-hosted,Finished,36,4.5,0.9818181818181818,1025.8765432098764,2026,7,False,Toys & Games,7.333333333333333,7.000000000000001,16.0,9.8,C,False
156,C,@michelem - Basecamp Anywhere,708,558,158618,2026-07-27,2026-08-28,10,850,0,11,4879,1951,Foldable can/bottle holder,Fleim3D,659.0,135,Creator-hosted,Finished,33,21.454545454545453,1.2688172043010753,224.0367231638418,2026,7,False,Home & Functional,64.0,51.33333333333333,13.333333333333334,45.0,B,False
158,O,Pool Party,374,306,109376,2026-08-10,2026-09-08,16,1110,0,16,7840,912,BOTTLESHIP - Ultimate beverage battl,Core Designs,1018.0,318,Official,Finished,30,12.466666666666667,1.2222222222222223,292.44919786096256,2026,8,False,Seasonal & Holidays,23.333333333333332,27.333333333333332,3.3333333333333335,18.5,C,False
159,O,Bug Off,319,300,103831,2026-08-17,2026-09-18,16,1110,0,16,1944,791,WolfBox Bug Vac Adaptor,Felt3D,192.0,42,Official,Finished,33,9.666666666666666,1.0633333333333332,325.48902821316614,2026,8,False,Home & Functional,21.333333333333336,19.0,2.0,14.8,C,False
