contest_id|awards|prize_usd|hardware_awards|winners|winner_likes|winner_downloads|first_prize_title|first_prize_creator|first_prize_likes|avg_likes_listed
1|18|1500|0|18|24487|45365|Haunted Hearse - Print-in-Place Fold|Whopper Printing|1746|162
2|18|1800|0|18|96739|482181|Double Action OTF Knife/Comb|Asdfgasdfg|5306|482
3|23|1400|0|23|45175|103783|Arctic Glow Christmas Lantern LED la|Kardes.Design|5946|118
4|13|1000|0|13|7547|19665|Customizable Prize Wheel|Kit Crafters|1240|32
5|13|1000|0|13|50262|154475|Batwing|Wcad00|1588|533
6|21|1620|0|21|13019|24095|The Annoying Scissor - Party Favor T|SPStudio|702|33
7|15|1080|0|15|49447|128181|Toothpick Dispenser - all parts prin|FlorinV|10253|131
8|15|1080|0|14|10527|22197|Monument Valley Lamp Trophy with Bam|Sven97|917|72
9|15|1080|0|15|18991|27625|Date Keeper Perpetual Flip Calendar|make 3D|9074|142
10|18|2190|0|18|14383|32652|Dragon Dance in Cloud River|GARYwow|129|101
11|12|960|0|10|45270|64705|Office lawn cable organizer|TheMiguelBi|3034|326
12|15|1485|0|15|17273|31378|Lovers Valentine Day Shadowbox|TechNerd|7298|263
13|12|690|0|12|41057|62402|BellSprout Lamp LED Kit 001|SavageLau|10874|246
14|12|960|0|12|24249|68834|Block Pill Box|wuguigui|2151|814
15|15|1080|0|15|95391|232445|Jeep Kit Card|agepbiz|24263|1009
16|15|1080|0|15|17671|20719|BIG BEN (Queen Elizabeth Tower)|t.schafer|1258|59
17|15|1080|0|15|12176|27632|Easter Rabbit Egg House|Filionix3D|1699|112
18|12|960|0|11|34103|52271|Spinning Bathroom Organizer|DKprints|9988|285
19|15|1080|0|15|31653|46067|Sunflower Windmill - Customizable Sy|BamBam Design|7680|386
20|15|1080|0|15|30047|28827|The Poop Scream - Frame Box|PrintinPlace|770|213
21|12|960|0|12|32618|55228|Autotray Lite - A1, P1 and X1 compat|Darren 3d print|1913|184
22|15|1800|0|15|27258|46432|Eden King no support (50% Scale)|肯德基怪叔叔|1192|556
23|12|960|0|12|16164|29063|Scrolling Memories - for A1, P1 AND|Darren 3d print|360|195
24|13|1000|0|13|32878|60600|Minimals Safari Pack|GlennovitS 3D|3956|328
25|9|900|0|9|17607|45554|Millennium Falcon Wireless Mouse|上进的up主|3664|185
26|12|810|0|12|34254|40585|Predator fishing tactical belt|CvH|438|178
27|12|1560|0|12|99129|276182|Parametric Sorting Tray|Benjamin Kott|23636|485
28|12|960|0|12|18965|33112|Thunder Boat Kit 010|Sevro|3565|183
29|12|960|0|12|12064|18729|LED Lamp 001 Wedding chapel bedside|小厮工作室|1109|111
30|15|1080|0|15|21861|24205|Nimbus 2000 Harry Potter's Broom|3DMakeryDE|4811|108
31|15|1080|0|15|38535|111309|Gear Rhombo by TNTBA|trynottobreakanything|9985|118
32|13|1000|0|13|43501|46041|Piranha Plant Switch Dock|Studio Wymr|18827|119
33|12|960|0|12|14614|20408|Raptor Crocs|Golub17|6670|96
34|12|960|0|12|9863|17461|Paris 2024 Paralympic Medal with Dis|OUAeroEngr|268|81
37|15|1080|0|15|37742|51765|Minecart Chase Marble Run|chiz_m|7778|526
38|15|600|3|15|5972|4443|CMF RIG: Magnetic Phone Cage|3D KIMBA|711|28
39|12|960|0|12|26183|24028|Family Plinko|ozarkexpeditions|6193|74
40|15|1080|0|15|16897|17428|Cerebral Vascular Territories Model|DanMan|1280|650
42|15|1080|0|16|39580|61015|Foldable School Tools|emanuelebargione|5736|349
43|15|1080|0|15|40831|60883|Project ENDURANCE|Wcad00|2851|1105
44|15|1080|0|15|38156|52567|Cat Exercise Wheel|Josh-3D|10669|237
45|12|960|0|12|28678|34240|Kart Race|chiz_m|3934|461
47|12|960|0|11|40046|65158|Key Hanger V2 - Impossible Passthrou|Dotted Lines|14616|58
48|12|960|0|12|18250|22119|Print in Place Brain Bot Puzzle|locatiadesigns|797|108
51|23|2200|0|23|46800|56223|Haunted Halloween Carousel|xxhouse|2114|244
52|15|1080|0|15|18244|21460|Ozark Mountain Sunset Book Nook|MaKim|4275|451
53|15|1080|0|15|18252|22539|Penguin Headphone Stand|void93|4739|41
54|15|1080|0|15|12810|20715|M109A7 Paladin Self-Propelled Howitz|Sgt_Reckless|3858|155
55|12|1650|0|13|33151|47379|Porsche 917 Engine|Simon Hörer|2726|737
56|15|1080|0|15|31213|62467|Travel / Camping Spice rack|OFF5PRING|1281|528
57|12|960|0|13|23900|25559|Dog Mask - Split Model - Wall Mount|Becca_3D / Kaijumon|852|467
58|15|1080|0|17|45688|38855|Vault Assault - Fully Printable|Applepie|8505|245
59|15|1500|0|19|16250|20791|Artemis 1:100 ca.1m hoch|BrainyRP|2198|205
60|15|1080|0|16|18828|24156|North Pole landscape automaton|Mimi home deco|1302|321
61|15|1500|0|16|30345|49543|Castle Celestia|Applejax_Industries|438|770
62|18|1350|0|19|24427|25775|Animated Winter Wonderland|chiz_m|1583|44
63|15|1500|0|15|26880|31528|BambuBot-A1 Mecha (AMS ver.)|洞洞脑子研造社|7137|348
64|12|960|0|15|8132|10969|Portafilter Cleaner Mechanical|laisch|1716|92
65|12|960|0|13|20425|17207|Cosmic Chronos Cube|innovUX|1744|141
66|15|1080|0|15|41237|46530|Magnetic Fishing Toy Set|Abe Builds|1540|353
67|12|1350|0|14|37692|34187|360 Rotating Marble Run - Enclosed|MaKim|10299|735
68|15|1080|0|17|18384|12831|Modular Wind Tunnel for STEM Educati|Jerrod H|7514|81
69|13|1400|0|15|19134|23376|The Cube|Zeko (BubblyEvil)|3207|83
70|13|1000|0|15|8854|7368|Racing Snake Game|wontonnn|6482|176
72|15|1080|0|19|24522|37790|Rafale R/C jet fighter - 64mm EDF|Monkey Brains|2547|441
73|13|1400|0|15|17830|33564|Valentine's Day Candle-Making Set|The Chaos Lab|795|72
74|15|1080|0|17|52893|58720|Fold Out Shoe Cabinet|tpscheck|4708|40
75|15|1500|0|17|14554|18239|Wood Train Castle Drawbridge|kyle_k|980|78
76|13|1000|0|15|51382|58895|Modular Desk Shelf Fully Printed|Robota|22201|111
77|15|1500|0|16|5246|3526|Corcelain Vase Kit|9percent|405|44
78|13|1000|0|15|18573|11462|Fossil Excavation|WangRY|6320|262
79|12|1050|0|15|24451|32396|Monster Hunter Wilds Long Sword 1.5|卡卡|3660|424
80|13|1400|0|17|36999|45198|4/4 Violin Full Size|viu.logic|5240|122
81|15|1080|0|15|16397|14012|NeoHexa Metropolis Marble Run|Structales - Roadrunner4d|7943|24
82|15|1080|0|17|11495|7728|Project Benchy / Spool Art|ERAVIA|475|76
83|15|1200|0|17|18804|29463|Easter Bunny Egg House & Candy Jar|Johnny_Bit|2165|62
84|15|1080|0|17|8282|6817|Jukebox - Night Light and Music Box|blecheimer|749|150
85|15|1080|0|15|39211|30801|Portable chair with suitcase functio|EMAY-DESIGN|18506|53
86|15|1080|0|15|31600|22488|Mini Roulette|sdaendi|17522|55
87|15|600|3|18|22292|16812|Pirate Benchy - Remote Control|Carmelart_|1534|73
88|15|1080|0|15|36859|33634|Trekking Poles (height adjustable)|Nimburs|571|392
89|15|1080|0|17|37206|41573|RainReserve - Downspout Diversion Sy|vaughn.taylor|2658|258
90|15|1500|0|17|43089|48702|Remote Controlled Water Turret|MaKim|6749|240
91|13|1000|0|17|31088|62086|Magic Trick Card Deck|Prime Tower Designs|629|265
92|13|1000|0|15|11675|9386|Chow Crown|EngineerForge|511|178
93|39|0|9|39|21330|18768|Camp Coffee Kit Vault|DKprints|1926|72
94|9|840|0|9|2103|4217|Arcane Codex - Spellbook Box|21CNCStudio|828|78
95|13|1000|0|15|8870|5834|Lab Ants: Modular Ant Formicarium|GalacticatCo|1496|56
96|13|1400|0|15|37546|22647|Coin Operated Vending Machine|Rocco's Stuff|5616|97
97|13|1000|0|15|60981|85385|Hand Bubble Machine|coverv|5574|981
98|13|1000|0|13|38398|23454|Lumetra - modular photography stand|Sparky Summer|6136|117
99|15|1500|0|15|26178|13944|Arcade Pong Mecanico|Alberto Nicás|2618|515
100|13|1000|0|24|34572|19205|mini CITIES - FUTURAMA|ModularMade|3277|483
101|13|2000|0|15|13396|13700|The Machine - A Factory Playset|jaayjeee|2062|188
102|7|760|0|7|1449|3980|CyberCruiser / CyberBrick Compatible|21CNCStudio|431|82
103|13|1000|0|14|26688|24573|Saber Tooth Tiger Skull Pet Bed|vali|6158|97
104|13|1000|0|15|27048|30679|Massage Tool Set|EMAY-DESIGN|6928|165
105|13|1000|0|13|33728|43198|Z-Desk Paint Master Modular Tool|Polvak3D|5394|34
106|13|1000|0|17|31118|23071|Peranakan Jewel/Organizer Box|Dominik|1369|605
107|13|1000|0|15|30516|24006|Enma - Zoro's Legendary Katana|Tobyruss|2709|425
108|13|1000|0|14|12114|8712|Pocket Smart Keyholder|Jorge Rui|3821|20
109|13|1400|0|13|3588|1044|EcoJack: Flow of Fright|Cryostatic|794|8
110|13|1000|0|15|15467|11905|Athens Origins Boardgame|Coep|797|131
111|15|1500|0|15|14530|19381|RC Battleship SMS Helgoland 1:150|JKnittelDesign|4311|429
112|13|1000|0|13|11816|6876|Cathedral or Castle Blocks|MarioMAX|4255|111
113|13|1000|0|15|23069|16475|Haunted House - A Halloween Scene|Structales - Roadrunner4d|5632|73
114|15|1500|0|16|30882|17074|Wedge Conveyor System-KE 50|Virrgott|3310|483
115|13|1000|0|13|13144|13207|Noble Steed - Stroller Accessory|Sir Cadsalot|537|64
116|13|1400|0|13|13945|5662|CyberGauntlet: Wearable Controller|BlainLeVilain|2304|458
117|19|1280|3|19|1398|431|Fidget Steampunk Camera Cover|Vixis|321|12
118|13|1500|0|13|12950|7119|PIXEL Modular Open Frame PC Case|Robota|3805|568
119|13|2200|0|13|12457|9563|Starry Night Vase|Procs Design|1142|339
120|15|1080|0|21|36802|27697|Winter Village - Sled Hill Diorama|Structales - Roadrunner4d|3677|54
121|13|1000|0|13|23604|14067|Snowball Making Machine|Alberto Nicás|5050|385
122|13|1000|0|14|11671|5224|LIBERTY TORCH - Magnetic Levitation|Ariel|256|58
123|15|1500|0|15|11271|7507|Robot Vacuum Cleaner X Cyberbrick|FADY|3381|82
124|6|360|1|6|4061|4390|Origin-Zero: Black Knight|PeWu|1161|132
125|13|1060|0|13|6845|4070|Guilded Moonstone Scepter|WazzyPrints3D|1387|60
126|15|1500|0|20|43161|25071|Magical Portal Book Nook|MaKim|3209|490
127|13|1000|0|13|16866|36463|2026 The Year of the Horse|ImU|93|42
128|13|1000|0|15|24326|19948|Museum of Us|Taposk|5159|74
129|15|1600|0|15|24212|17730|Samurai / Ronin Full Armor Set|reforg3d|4650|492
130|13|1000|0|15|45900|66014|Industrial Pipe Whiskey Bottle Holder|MY LIGHT|1034|229
131|10|1000|0|10|5691|5301|Aetheroscope - Kinetic Moire|StudioPrint.3D|613|197
132|13|1000|0|15|12405|7487|Butterfly Crown Headband|Pipin.World|1510|200
133|21|1540|0|22|9307|5645|Easter Garden - Kit Card Set|berri3D|827|4
134|13|1000|0|13|34652|25890|Broken Glass Prank|Stag 3D|6945|711
135|11|0|9|11|965|449|CyberBrick 4x4 Wheeled Excavator|瘋子般の小白|187|53
136|13|1000|0|13|27670|18241|The Story of Bonsai|FK|219|336
137|10|500|0|10|10620|2597|Modular compression molding system|Tabaluga|2702|42
138|13|0|0|0|0|0||||60
139|13|1000|0|13|12831|14994|Magnetic Levitating Soccer Ball|Mc2.project3D|369|33
140|13|1000|0|13|19594|18999|Wind-powered pumping station|AD-Concept|3821|106
141|15|600|0|15|22563|27016|Mini Pet Carrier Playset|JABO Designs|2534|1316
142|4|640|0|5|4580|4733|Parametric Cutting Board Stand|Stoneburrow|3483|231
143|28|1400|23|28|29918|18160|KYRO - Modular Wall System|Yousuf Zakaria|1884|585
144|18|1260|0|18|31527|21514|The Beer Buoy - Floating Gyro Cup|Sulena 3D Design|8595|418
145|21|1540|0|19|46206|37065|Birthday Cake Set with LED Candles|3DPmom|2352|1478
146|8|700|0|8|1030|485|Moku - Modular Desk Organizer|Nam Bao|105|49
147|6|0|2|6|4444|2513|Exploding Tower with Light-Up Dice|MaKim|496|603
149|15|1080|0|17|12405|4443|Auto Pet-Feeder Module|3DMakerSpace|3475|210
150|10|880|3|11|4605|2093|Kit Card - Dragon BONBON|berri3D|561|272
151|9|0|0|9|490|202|T-34 Catapult Tank|YR|67|33
152|11|0|1|11|20199|10764|RoboPrinter: P2S Transforming Robot|6D Creation|4165|1026
153|16|3147|3|16|2532|502|Rolluna|JJ|162|106
154|15|1080|0|16|13104|5735|Odyssey: The Shifting Seas|Simon|1286|240
155|6|330|0|6|2340|423|Dogfight Tactics Board Game|yodovicz|582|63
156|10|850|0|11|4879|1951|Foldable can/bottle holder|Fleim3D|659|135
157|7|9197|3|0|0|0||||5
158|16|1110|0|16|7840|912|BOTTLESHIP - Ultimate beverage battl|Core Designs|1018|318
159|16|1110|0|16|1944|791|WolfBox Bug Vac Adaptor|Felt3D|192|42
160|19|1764|0|0|0|0||||41
161|4|0|2|0|0|0||||27
162|7|180|5|0|0|0||||16
163|9|180|7|0|0|0||||65
164|618|0|24|0|0|0||||66
165|10|300|10|0|0|0||||63
166|27|1560|0|0|0|0||||264
