contest_id;host_code;contest_name;models;participants;views;start_date;end_date
1;O;Halloween;915;453;162327;2023/10/06;2023/10/31
2;O;Fidget Toys;398;286;396362;2023/11/05;2023/11/26
3;O;Christmas Decoration;1582;681;238277;2023/11/12;2023/12/03
4;O;Make My Sign;889;469;141111;2023/11/20;2023/12/10
5;O;Flying Objects;252;212;206655;2023/11/26;2023/12/17
6;O;Party Ware;592;332;113934;2023/12/03;2023/12/24
7;O;Print Kitchen;1068;566;284997;2023/12/10;2024/01/01
8;O;Trophy Design;471;404;141803;2023/12/17;2024/01/07
9;O;2024 Calendar;206;209;189592;2023/12/24;2024/01/14
10;O;Year of the Dragon;735;534;197765;2024/01/04;2024/01/31
11;O;Office Helper;1362;838;307780;2024/01/14;2024/02/02
12;O;Valentine's Day;1443;937;228941;2024/01/21;2024/02/11
13;O;Let there be Light;732;538;239678;2024/01/28;2024/02/18
14;O;Pills Organizer;417;438;287274;2024/02/04;2024/02/25
15;O;Kit Card;743;693;294796;2024/02/22;2024/03/17
16;O;Landmark Inspired;618;594;224670;2024/02/29;2024/03/24
17;O;Easter;1349;1025;211702;2024/03/09;2024/03/28
18;O;Bathroom Accessories;1273;1070;282510;2024/03/17;2024/04/07
19;O;Floral Spring;1040;772;187192;2024/03/24;2024/04/14
20;O;Filament Purge;232;310;248940;2024/04/01;2024/04/24
21;O;Car Cabin Gadgets;622;616;404082;2024/04/08;2024/05/01
22;O;0.2mm Nozzle;588;523;308267;2024/04/14;2024/05/15
23;O;Mother's Day Design Festival;558;482;183843;2024/04/21;2024/05/08
24;O;Animal Frenzy;770;550;258711;2024/04/28;2024/05/19
25;O;Wireless Mouse;114;130;343658;2024/05/13;2024/06/14
26;O;Fishing Gear;365;337;183259;2024/05/19;2024/06/09
27;M;Master: OpenSCAD;492;628;404229;2024/05/26;2024/06/30
28;O;Beach & Pool Essentials;567;466;213158;2024/06/03;2024/06/26
29;O;Wedding Decor;474;397;130120;2024/06/11;2024/07/04
30;O;Wizarding Universe;554;415;222652;2024/06/17;2024/07/10
31;O;Beauty of Mathematics;678;546;304214;2024/06/24;2024/07/17
32;O;Games of the 80s;568;464;248429;2024/06/29;2024/07/15
33;O;Shoe Charms;426;340;146225;2024/07/02;2024/07/24
34;O;Celebrate Sports;540;483;147066;2024/07/08;2024/07/30
37;O;Sandbox Games;499;441;233336;2024/07/16;2024/08/07
38;O;CMF by Nothing Phone 1;484;509;304307;2024/07/23;2024/08/14
39;O;Fridge Magnets;1210;876;229582;2024/07/25;2024/08/15
40;O;Biological Models;267;283;190079;2024/07/30;2024/08/21
42;O;School Supplies;1203;928;337150;2024/08/07;2024/08/29
43;O;Model Cars;243;327;304884;2024/08/13;2024/09/05
44;O;Pet Supplies;601;528;267398;2024/08/20;2024/09/11
45;O;Games of the 90s;845;608;288294;2024/08/23;2024/09/15
47;O;Hangers;1249;1000;356726;2024/08/28;2024/09/20
48;O;Puzzles & Brain Teasers;526;477;299724;2024/09/03;2024/09/27
51;O;Halloween 2024;3656;2122;662455;2024/09/01;2024/10/15
52;O;Magnificent Hometown;315;331;141855;2024/09/18;2024/10/11
53;O;Wireless Head/Earphone Accessories;362;368;256163;2024/09/24;2024/10/16
54;O;Modern Armaments: Tanks;225;251;189232;2024/09/30;2024/10/25
55;M;Master: Engines;193;266;382757;2024/09/30;2024/10/31
56;O;Travel Essentials;1306;1007;384276;2024/10/12;2024/11/04
57;O;Masks;390;368;486827;2024/10/17;2024/11/10
58;O;Board Games;1108;916;578090;2024/10/25;2024/11/17
59;O;Space Explorations;924;776;388988;2024/10/30;2024/12/01
60;O;Trip to North Pole;1410;1045;309073;2024/11/08;2024/12/01
61;O;Castles;322;347;283186;2024/11/14;2024/12/15
62;O;Cozy Christmas;6254;3362;672259;2024/11/29;2024/12/21
63;M;Master: Mecha;302;288;304020;2024/11/26;2024/12/22
64;O;Coffee Station;684;577;324014;2024/11/29;2024/12/17
65;O;Clocks;687;564;432622;2024/12/03;2024/12/24
66;O;Maker's Beginner Kit;464;649;338922;2024/12/16;2025/01/05
67;M;Master: Marble Run;176;185;390712;2024/12/14;2025/01/05
68;O;Physics Education;781;689;626463;2024/12/23;2025/01/16
69;O;Vaults;374;369;421004;2024/12/30;2025/01/26
70;O;Year of the Snake;1061;804;311547;2025/01/03;2025/01/26
72;O;Fighter Jets;546;515;407162;2025/01/08;2025/02/02
73;O;2025 Valentine's Day;4563;2965;580305;2025/01/17;2025/02/12
74;O;Shoe Racks;366;404;485616;2025/01/22;2025/02/17
75;M;Master: Toy Train Track Sets;384;318;363378;2025/01/24;2025/02/23
76;O;Monitor Risers;798;730;499988;2025/02/12;2025/03/07
77;O;MakerWorld x Corcelain;342;380;224843;2025/02/28;2025/03/23
78;O;Geology/Geography Studies;615;526;349239;2025/02/17;2025/03/11
79;O;Becoming A Hunter;1130;837;393028;2025/02/22;2025/03/16
80;M;Master: Musical Instruments;644;526;359160;2025/02/25;2025/03/23
81;O;Cities of the Future;320;355;324459;2025/03/06;2025/03/30
82;O;Reusing Cardboard Spools;546;498;344603;2025/03/11;2025/04/06
83;O;Eggs, but not just Eggs (Easter);3199;2073;396864;2025/03/14;2025/04/13
84;O;Music Box;95;173;210129;2025/03/21;2025/04/13
85;O;Portable Chair;246;255;348837;2025/03/26;2025/04/20
86;O;Mini Casino;466;430;351811;2025/04/01;2025/04/24
87;O;3DBenchy 10th Anniversary;1986;1575;455830;2025/04/09;2025/05/11
88;O;Hiking;931;727;459518;2025/04/14;2025/05/10
89;O;Gardening Tool;1775;1275;462325;2025/04/21;2025/05/18
90;O;Water Spray;213;235;382823;2025/04/30;2025/06/01
91;O;Magic Trick;314;287;311193;2025/04/29;2025/05/25
92;O;Crown;739;637;181268;2025/05/07;2025/05/31
93;O;Coffee Goes Places;550;528;347567;2025/05/12;2025/06/08
94;O;Boxes/Containers;115;95;146763;2025/05/13;2025/06/07
95;O;Laboratory Equipment;688;557;276194;2025/05/19;2025/06/15
96;O;Candy Dispenser;444;410;323424;2025/05/22;2025/06/16
97;O;Chillin' Summer 2025;1317;961;379976;2025/06/06;2025/06/29
98;O;Photography Accessories;665;529;401255;2025/06/13;2025/07/06
99;M;Master: Mini Arcade;444;381;293431;2025/06/17;2025/07/20
100;O;Diorama;643;559;287805;2025/06/20;2025/07/20
101;M;CyberBrick Master: Scenes & Maps;318;301;335282;2025/06/27;2025/08/31
102;O;Automobile;42;40;95521;2025/06/30;2025/07/27
103;O;Dino Safari;995;675;254657;2025/07/04;2025/08/03
104;O;Built to Flex;756;555;324962;2025/07/11;2025/08/10
105;O;Painting Tools;849;664;291269;2025/07/17;2025/08/11
106;O;Jewelry Box;624;548;245744;2025/07/23;2025/08/17
107;O;Glow Within;1107;824;335272;2025/08/05;2025/09/01
108;O;Key Covers;533;592;416191;2025/08/07;2025/09/03
109;O;Power Meets Creativity;174;221;358666;2025/09/01;2025/09/26
110;O;Greek Mythology;1094;837;304646;2025/08/25;2025/09/17
111;M;Master: Battleship;419;455;279817;2025/09/17;2025/10/19
112;O;Cathedral;335;314;173841;2025/09/26;2025/10/21
113;O;Halloween 2025;5738;3047;728215;2025/09/30;2025/10/26
114;M;Master: Conveyor Belt;153;162;296237;2025/10/14;2025/11/16
115;O;Baby Stroller Accessories;234;275;265572;2025/10/23;2025/11/24
116;M;CyberBrick Master: Compatible Remotes;72;72;199653;2025/10/30;2025/12/02
117;O;realme GT8 Pro Deco;267;285;170158;2025/11/07;2025/12/20
118;O;TRYX Open-frame Case;57;78;249205;2025/11/16;2025/12/23
119;O;The Vortek: Zero Compromise;522;389;175536;2025/11/18;2025/12/21
120;O;Printmas 2025;7078;3634;636726;2025/11/21;2025/12/21
121;O;Snowball Fight;220;230;236829;2025/11/28;2025/12/28
122;O;Torch;365;407;176811;2025/12/08;2026/01/11
123;M;Master: Portable Vacuum Cleaner;221;218;247900;2025/12/12;2026/01/18
124;C;@Kit Crafters Mecha Remix;139;155;151826;2025/12/14;2026/01/19
125;O;Scepter;374;368;155431;2025/12/26;2026/01/26
126;M;Master: Book Nook;599;526;266146;2026/01/07;2026/02/08
127;O;Year of the Horse;1187;885;170013;2026/01/08;2026/02/09
128;O;Layered with Love: 2026 Valentine's Day;4432;2769;354838;2026/01/22;2026/02/24
129;M;Master: Wearable Armor;332;327;252012;2026/02/03;2026/03/22
130;O;Home Bar;971;750;263086;2026/02/09;2026/03/15
131;C;@prime_tower - Old World Magic;570;408;152973;2026/02/11;2026/03/15
132;O;Hair Accessories;498;386;161365;2026/02/25;2026/03/29
133;O;Hop Into Creativity: Easter 2026;3555;2074;325865;2026/03/04;2026/04/05
134;O;Expect the Unexpected: April Fools' Day;707;603;280869;2026/03/02;2026/04/01
135;C;@wuguigui CyberBrick RC Cars Remix;84;106;113333;2026/03/10;2026/04/19
136;O;Bonsai;586;525;245063;2026/03/17;2026/04/19
137;C;@Pi-Guy - Filament Recycling;314;304;382748;2026/03/24;2026/04/24
138;C;@JamesDaRock - Pieksekisten;1976;1008;305953;2026/04/02;2026/05/05
139;O;Football Fan Spirit;847;600;194497;2026/04/10;2026/05/10
140;O;Wind Spinner;324;295;245283;2026/04/14;2026/05/14
141;C;@Stag3D - Spring Play;709;530;198658;2026/04/17;2026/05/17
142;C;@Mafagrafos - Parametric Home Decor;1151;777;225682;2026/04/30;2026/05/31
143;C;@scottyujan - Home Gallery;2101;1276;255826;2026/04/21;2026/05/24
144;O;Cup Holder;1064;836;246106;2026/05/15;2026/06/21
145;O;Children's Toy;3363;1756;371590;2026/05/21;2026/06/28
146;C;@SabreDesign & @Collecticraft - Moku System;198;152;222510;2026/05/29;2026/07/01
147;C;@everythingDND - The Breach;737;474;152270;2026/06/08;2026/07/12
149;O;Pet Feeder;624;522;177347;2026/06/22;2026/07/26
150;C;@Pipin.World BONBON Capsules;894;556;108252;2026/07/01;2026/07/30
151;C;@Bavaria_3D Tanks T-34 Evolution Remix;66;49;97063;2026/06/18;2026/08/03
152;C;@MeshBear - Exoskeleton & Articulated Mechanism;234;240;155239;2026/07/06;2026/08/16
153;O;MakerWorld x Insta360 Luna Ultra;234;192;173303;2026/07/10;2026/08/09
154;O;Homer's Epics;580;419;162182;2026/07/17;2026/08/23
155;C;@Ozarkexpeditions - PlayGrid Board Games;162;165;166192;2026/07/22;2026/08/26
156;C;@michelem - Basecamp Anywhere;708;558;158618;2026/07/27;2026/08/28
157;C;@itsboyinspace x @Plastic3D x @Sam Prentice - RoboDog Mod;131;109;129191;2026/08/03;2026/09/28
158;O;Pool Party;374;306;109376;2026/08/10;2026/09/08
159;O;Bug Off;319;300;103831;2026/08/17;2026/09/18
160;M;Master: Amusement Park;146;145;79435;2026/08/21;2026/10/06
161;C;@Ariel - Custom Cyclo;63;75;69749;2026/08/26;2026/10/07
162;C;@SUSANFANG - Brooch;142;136;73931;2026/09/01;2026/09/30
163;C;@MaKim - Advanced Water Fight;40;52;86712;2026/09/04;2026/10/11
164;O;Make for Good: Accessibility;125;143;83507;2026/09/16;2026/11/15
165;C;@berri3D - Build Knowledge: Kit Card;56;94;64711;2026/09/10;2026/10/19
166;O;Halloween 2026;1172;684;72450;2026/09/21;2026/11/16
